<?xml version="1.0" encoding="UTF-8"?>
<!DOCTYPE bindings PUBLIC "-//NetBeans//DTD Editor KeyBindings settings 1.1//EN" "http://www.netbeans.org/dtds/EditorKeyBindings-1_1.dtd">
<bindings>
    <bind key="S-INSERT" remove="true"/>
    <bind key="S-F10" remove="true"/>
    <bind key="D-SLASH" remove="true"/>
    <bind key="SO-LEFT" remove="true"/>
    <bind key="S-SPACE" remove="true"/>
    <bind key="SO-KP_LEFT" remove="true"/>
    <bind key="D-INSERT" remove="true"/>
    <bind key="S-DELETE" remove="true"/>
    <bind key="FIND" remove="true"/>
    <bind key="SO-COMMA" remove="true"/>
    <bind key="UNDO" remove="true"/>
    <bind key="D-T" remove="true"/>
    <bind key="SO-F" remove="true"/>
    <bind key="D-Q" remove="true"/>
    <bind key="COPY" remove="true"/>
    <bind key="SO-PERIOD" remove="true"/>
    <bind key="D-ENTER" remove="true"/>
    <bind key="O-BACK_SPACE" remove="true"/>
    <bind key="SD-C" remove="true"/>
    <bind key="S-ENTER" remove="true"/>
    <bind key="SO-KP_RIGHT" remove="true"/>
    <bind key="D-U$S" remove="true"/>
    <bind key="CUT" remove="true"/>
    <bind key="D-U$U" remove="true"/>
    <bind key="D-Y" remove="true"/>
    <bind key="D-V" remove="true"/>
    <bind key="PASTE" remove="true"/>
    <bind key="D-U$L" remove="true"/>
    <bind key="SO-RIGHT" remove="true"/>
    <bind key="D-F" remove="true"/>
    <bind key="D-R" remove="true"/>
    <bind key="D-G" remove="true"/>
    <bind key="SD-Z" remove="true"/>
</bindings>
